wavelength,MAS1,MAS2,MAS3,MAS4,MAS5,MAS6,MAS7,MAS8,MAS9,MAS10
455.00,0.0000,0.0000,0.0000,0.0000,0.0000,0.0000,0.0000,0.0732,0.0000,0.0000
457.50,0.0000,0.0000,0.0000,0.0000,0.0000,0.0000,0.0000,0.8372,0.0000,0.0000
460.00,0.0000,0.0000,0.0000,0.0000,0.0000,0.0000,0.0000,3.6403,0.0000,0.0000
462.50,0.0000,0.0000,0.0000,0.0000,0.0000,0.0000,0.0000,4.9195,0.0000,0.0000
465.00,0.0000,0.0000,0.0000,0.0000,0.0000,0.0000,0.0000,5.0091,0.0000,0.0000
467.50,0.0000,0.0000,0.0000,0.0000,0.0000,0.0000,0.0000,5.0102,0.0000,0.0000
470.00,0.0000,0.0000,0.0000,0.0000,0.0000,0.0000,0.0000,5.0102,0.0000,0.0000
472.50,0.0000,0.0000,0.0000,0.0000,0.0000,0.0000,0.0000,5.0099,0.0000,0.0000
475.00,0.0000,0.0000,0.0000,0.0000,0.0000,0.0000,0.0000,4.9670,0.0000,0.0000
477.50,0.0000,0.0000,0.0000,0.0000,0.0000,0.0000,0.0000,4.0931,0.0000,0.0000
480.00,0.0000,0.0000,0.0000,0.0000,0.0000,0.0000,0.0000,1.2880,0.0000,0.0000
482.50,0.0000,0.0000,0.0000,0.0000,0.0000,0.0000,0.0000,0.1186,0.0000,0.0000
485.00,0.0000,0.0000,0.0000,0.0000,0.0000,0.0000,0.0000,0.0237,0.0000,0.0000
487.50,0.0000,0.0000,0.0000,0.0000,0.0000,0.0000,0.0000,0.0000,0.0000,0.0000
490.00,0.0000,0.0000,0.0000,0.0000,0.0000,0.0000,0.0000,0.0000,0.0000,0.0000
492.50,0.0000,0.0000,0.0000,0.0000,0.0000,0.0000,0.0000,0.0000,0.0000,0.0000
495.00,0.0000,0.0000,0.0000,0.0000,0.0000,0.0000,0.0000,0.0000,0.0000,0.0000
497.50,0.0000,0.0000,0.0000,0.0000,0.0000,0.0000,0.0000,0.0000,0.0000,0.0000
500.00,0.0000,0.0000,0.0000,0.0000,0.0000,0.0000,0.0000,0.0000,0.0000,0.0000
502.50,0.0244,0.0000,0.0000,0.0000,0.0000,0.0000,0.0000,0.0000,0.0000,0.0000
505.00,0.0338,0.0000,0.0000,0.0000,0.0000,0.0000,0.0000,0.0000,0.0000,0.0000
507.50,0.0536,0.0000,0.0000,0.0000,0.0000,0.0000,0.0000,0.0000,0.0000,0.0000
510.00,0.1052,0.0000,0.0000,0.0000,0.0000,0.0000,0.0000,0.0000,0.0000,0.0000
512.50,0.1941,0.0000,0.0000,0.0000,0.0000,0.0000,0.0000,0.0000,0.0000,0.0000
515.00,0.3166,0.0000,0.0000,0.0000,0.0000,0.0000,0.0000,0.0000,0.0000,0.0000
517.50,0.4797,0.0000,0.0000,0.0000,0.0000,0.0000,0.0000,0.0000,0.0000,0.0000
520.00,0.6893,0.0000,0.0000,0.0000,0.0000,0.0000,0.0000,0.0000,0.0000,0.0000
522.50,0.9417,0.0000,0.0000,0.0000,0.0000,0.0000,0.0000,0.0000,0.0000,0.0000
525.00,1.2218,0.0000,0.0000,0.0000,0.0000,0.0000,0.0000,0.0000,0.0000,0.0000
527.50,1.4890,0.0000,0.0000,0.0000,0.0000,0.0000,0.0000,0.0000,0.0000,0.0000
530.00,1.7202,0.0000,0.0000,0.0000,0.0000,0.0000,0.0000,0.0000,0.0000,0.0000
532.50,1.9194,0.0000,0.0000,0.0000,0.0000,0.0000,0.0000,0.0000,0.0000,0.0000
535.00,2.0812,0.0000,0.0000,0.0000,0.0000,0.0000,0.0000,0.0000,0.0000,0.0000
537.50,2.1934,0.0000,0.0000,0.0000,0.0000,0.0000,0.0000,0.0000,0.0000,0.0000
540.00,2.2580,0.0000,0.0000,0.0000,0.0000,0.0000,0.0000,0.0000,0.0000,0.0000
542.50,2.3031,0.0000,0.0000,0.0000,0.0000,0.0000,0.0000,0.0000,0.0000,0.0000
545.00,2.3395,0.0000,0.0000,0.0000,0.0000,0.0000,0.0000,0.0000,0.0000,0.0000
547.50,2.3620,0.0000,0.0000,0.0000,0.0000,0.0000,0.0000,0.0000,0.0000,0.0000
550.00,2.3575,0.0000,0.0000,0.0000,0.0000,0.0000,0.0000,0.0000,0.0000,0.0000
552.50,2.3228,0.0000,0.0000,0.0000,0.0000,0.0000,0.0000,0.0000,0.0000,0.0000
555.00,2.2421,0.0000,0.0000,0.0000,0.0000,0.0000,0.0000,0.0000,0.0000,0.0000
557.50,2.1129,0.0000,0.0000,0.0000,0.0000,0.0000,0.0000,0.0000,0.0000,0.0000
560.00,1.9317,0.0000,0.0000,0.0000,0.0000,0.0000,0.0000,0.0000,0.0000,0.0000
562.50,1.7031,0.0000,0.0000,0.0000,0.0000,0.0000,0.0000,0.0000,0.0000,0.0000
565.00,1.4126,0.0000,0.0000,0.0000,0.0000,0.0000,0.0000,0.0000,0.0000,0.0000
567.50,1.0985,0.0000,0.0000,0.0000,0.0000,0.0000,0.0000,0.0000,0.0000,0.0000
570.00,0.8088,0.0000,0.0000,0.0000,0.0000,0.0000,0.0000,0.0000,0.0000,0.0000
572.50,0.5573,0.0000,0.0000,0.0000,0.0000,0.0000,0.0000,0.0000,0.0000,0.0000
575.00,0.3477,0.0000,0.0000,0.0000,0.0000,0.0000,0.0000,0.0000,0.0000,0.0000
577.50,0.1843,0.0000,0.0000,0.0000,0.0000,0.0000,0.0000,0.0000,0.0000,0.0000
580.00,0.0918,0.0000,0.0000,0.0000,0.0000,0.0000,0.0000,0.0000,0.0000,0.0000
582.50,0.0473,0.0000,0.0000,0.0000,0.0000,0.0000,0.0000,0.0000,0.0000,0.0000
585.00,0.0308,0.0000,0.0000,0.0000,0.0000,0.0000,0.0000,0.0000,0.0000,0.0000
587.50,0.0248,0.0000,0.0000,0.0000,0.0000,0.0000,0.0000,0.0000,0.0000,0.0000
590.00,0.0000,0.0000,0.0000,0.0000,0.0000,0.0000,0.0000,0.0000,0.0000,0.0000
592.50,0.0000,0.0000,0.0000,0.0000,0.0000,0.0000,0.0000,0.0000,0.0000,0.0000
595.00,0.0000,0.0000,0.0000,0.0000,0.0000,0.0000,0.0000,0.0000,0.0000,0.0000
597.50,0.0000,0.0000,0.0000,0.0000,0.0000,0.0000,0.0000,0.0000,0.0000,0.0000
600.00,0.0000,0.0000,0.0000,0.0000,0.0000,0.0000,0.0000,0.0000,0.0000,0.0000
602.50,0.0000,0.0000,0.0000,0.0000,0.0000,0.0000,0.0000,0.0000,0.0000,0.0000
605.00,0.0000,0.0000,0.0000,0.0000,0.0000,0.0000,0.0000,0.0000,0.0000,0.0000
607.50,0.0000,0.0197,0.0000,0.0000,0.0000,0.0000,0.0000,0.0000,0.0000,0.0000
610.00,0.0000,0.0223,0.0000,0.0000,0.0000,0.0000,0.0000,0.0000,0.0000,0.0000
612.50,0.0000,0.0298,0.0000,0.0000,0.0000,0.0000,0.0000,0.0000,0.0000,0.0000
615.00,0.0000,0.0481,0.0000,0.0000,0.0000,0.0000,0.0000,0.0000,0.0000,0.0000
617.50,0.0000,0.0877,0.0000,0.0000,0.0000,0.0000,0.0000,0.0000,0.0000,0.0000
620.00,0.0000,0.1645,0.0000,0.0000,0.0000,0.0000,0.0000,0.0000,0.0000,0.0000
622.50,0.0000,0.2829,0.0000,0.0000,0.0000,0.0000,0.0000,0.0000,0.0000,0.0000
625.00,0.0000,0.4699,0.0000,0.0000,0.0000,0.0000,0.0000,0.0000,0.0000,0.0000
627.50,0.0000,0.7101,0.0000,0.0000,0.0000,0.0000,0.0000,0.0000,0.0000,0.0000
630.00,0.0000,0.9752,0.0000,0.0000,0.0000,0.0000,0.0000,0.0000,0.0000,0.0000
632.50,0.0000,1.2209,0.0000,0.0000,0.0000,0.0000,0.0000,0.0000,0.0000,0.0000
635.00,0.0000,1.4459,0.0000,0.0000,0.0000,0.0000,0.0000,0.0000,0.0000,0.0000
637.50,0.0000,1.6307,0.0000,0.0000,0.0000,0.0000,0.0000,0.0000,0.0000,0.0000
640.00,0.0000,1.7482,0.0000,0.0000,0.0000,0.0000,0.0000,0.0000,0.0000,0.0000
642.50,0.0000,1.8092,0.0000,0.0000,0.0000,0.0000,0.0000,0.0000,0.0000,0.0000
645.00,0.0000,1.8370,0.0000,0.0000,0.0000,0.0000,0.0000,0.0000,0.0000,0.0000
647.50,0.0000,1.8465,0.0000,0.0000,0.0000,0.0000,0.0000,0.0000,0.0000,0.0000
650.00,0.0000,1.8527,0.0000,0.0000,0.0000,0.0000,0.0000,0.0000,0.0000,0.0000
652.50,0.0000,1.8574,0.0000,0.0000,0.0000,0.0000,0.0000,0.0000,0.0000,0.0000
655.00,0.0000,1.8627,0.0000,0.0000,0.0000,0.0000,0.0000,0.0000,0.0000,0.0000
657.50,0.0000,1.8703,0.0000,0.0000,0.0000,0.0000,0.0000,0.0000,0.0000,0.0000
660.00,0.0000,1.8733,0.0000,0.0000,0.0000,0.0000,0.0000,0.0000,0.0000,0.0000
662.50,0.0000,1.8763,0.0000,0.0000,0.0000,0.0000,0.0000,0.0000,0.0000,0.0000
665.00,0.0000,1.8769,0.0000,0.0000,0.0000,0.0000,0.0000,0.0000,0.0000,0.0000
667.50,0.0000,1.8731,0.0000,0.0000,0.0000,0.0000,0.0000,0.0000,0.0000,0.0000
670.00,0.0000,1.8599,0.0000,0.0000,0.0000,0.0000,0.0000,0.0000,0.0000,0.0000
672.50,0.0000,1.8221,0.0000,0.0000,0.0000,0.0000,0.0000,0.0000,0.0000,0.0000
675.00,0.0000,1.7208,0.0000,0.0000,0.0000,0.0000,0.0000,0.0000,0.0000,0.0000
677.50,0.0000,1.5341,0.0000,0.0000,0.0000,0.0000,0.0000,0.0000,0.0000,0.0000
680.00,0.0000,1.2689,0.0000,0.0000,0.0000,0.0000,0.0000,0.0000,0.0000,0.0000
682.50,0.0000,0.9810,0.0000,0.0000,0.0000,0.0000,0.0000,0.0000,0.0000,0.0000
685.00,0.0000,0.6911,0.0000,0.0000,0.0000,0.0000,0.0000,0.0000,0.0000,0.0000
687.50,0.0000,0.4250,0.0000,0.0000,0.0000,0.0000,0.0000,0.0000,0.0000,0.0000
690.00,0.0000,0.2204,0.0000,0.0000,0.0000,0.0000,0.0000,0.0000,0.0000,0.0000
692.50,0.0000,0.0947,0.0000,0.0000,0.0000,0.0000,0.0000,0.0000,0.0000,0.0000
695.00,0.0000,0.0447,0.0000,0.0000,0.0000,0.0000,0.0000,0.0000,0.0000,0.0000
697.50,0.0000,0.0253,0.0000,0.0000,0.0000,0.0000,0.0000,0.0000,0.0000,0.0000
700.00,0.0000,0.0209,0.0000,0.0000,0.0000,0.0000,0.0000,0.0000,0.0000,0.0000
702.50,0.0000,0.0000,0.0000,0.0000,0.0000,0.0000,0.0000,0.0000,0.0000,0.0000
705.00,0.0000,0.0000,0.0000,0.0000,0.0000,0.0000,0.0000,0.0000,0.0000,0.0000
707.50,0.0000,0.0000,0.0000,0.0000,0.0000,0.0000,0.0000,0.0000,0.0000,0.0000
710.00,0.0000,0.0000,0.0000,0.0000,0.0000,0.0000,0.0000,0.0000,0.0000,0.0000
712.50,0.0000,0.0000,0.0000,0.0000,0.0000,0.0000,0.0000,0.0000,0.0000,0.0000
715.00,0.0000,0.0000,0.0000,0.0000,0.0000,0.0000,0.0000,0.0000,0.0000,0.0000
717.50,0.0000,0.0000,0.0000,0.0000,0.0000,0.0000,0.0000,0.0000,0.0000,0.0000
720.00,0.0000,0.0000,0.0000,0.0000,0.0000,0.0000,0.0000,0.0000,0.0000,0.0000
722.50,0.0000,0.0000,0.0000,0.0000,0.0000,0.0000,0.0000,0.0000,0.0000,0.0000
725.00,0.0000,0.0000,0.0000,0.0000,0.0000,0.0000,0.0000,0.0000,0.0000,0.0000
727.50,0.0000,0.0000,0.0000,0.0000,0.0000,0.0000,0.0000,0.0000,0.0000,0.0000
730.00,0.0000,0.0000,0.0000,0.0000,0.0000,0.0000,0.0000,0.0000,0.0000,0.0000
732.50,0.0000,0.0000,0.0000,0.0000,0.0000,0.0000,0.0000,0.0000,0.0000,0.0000
735.00,0.0000,0.0000,0.0000,0.0000,0.0000,0.0000,0.0000,0.0000,0.0000,0.0000
737.50,0.0000,0.0000,0.0000,0.0000,0.0000,0.0000,0.0000,0.0000,0.0000,0.0000
740.00,0.0000,0.0000,0.0000,0.0000,0.0000,0.0000,0.0000,0.0000,0.0000,0.0000
742.50,0.0000,0.0000,0.0000,0.0000,0.0000,0.0000,0.0000,0.0000,0.0000,0.0000
745.00,0.0000,0.0000,0.0000,0.0000,0.0000,0.0000,0.0000,0.0000,0.0000,0.0000
747.50,0.0000,0.0000,0.0000,0.0000,0.0000,0.0000,0.0000,0.0000,0.0000,0.0000
750.00,0.0000,0.0000,0.0000,0.0000,0.0000,0.0000,0.0000,0.0000,0.0000,0.0000
752.50,0.0000,0.0000,0.0000,0.0000,0.0000,0.0000,0.0000,0.0000,0.0000,0.0000
755.00,0.0000,0.0000,0.0000,0.0000,0.0000,0.0000,0.0000,0.0000,0.0000,0.0000
757.50,0.0000,0.0000,0.0000,0.0000,0.0000,0.0000,0.0000,0.0000,0.0000,0.0000
760.00,0.0000,0.0000,0.0000,0.0000,0.0000,0.0000,0.0000,0.0000,0.0000,0.0000
762.50,0.0000,0.0000,0.0000,0.0000,0.0000,0.0000,0.0000,0.0000,0.0000,0.0000
765.00,0.0000,0.0000,0.0000,0.0000,0.0000,0.0000,0.0000,0.0000,0.0000,0.0000
767.50,0.0000,0.0000,0.0000,0.0000,0.0000,0.0000,0.0000,0.0000,0.0000,0.0000
770.00,0.0000,0.0000,0.0000,0.0000,0.0000,0.0000,0.0000,0.0000,0.0000,0.0000
772.50,0.0000,0.0000,0.0000,0.0000,0.0000,0.0000,0.0000,0.0000,0.0000,0.0000
775.00,0.0000,0.0000,0.0000,0.0000,0.0000,0.0000,0.0000,0.0000,0.0000,0.0000
777.50,0.0000,0.0000,0.0000,0.0000,0.0000,0.0000,0.0000,0.0000,0.0000,0.0000
780.00,0.0000,0.0000,0.0000,0.0000,0.0000,0.0000,0.0000,0.0000,0.0000,0.0000
782.50,0.0000,0.0000,0.0000,0.0000,0.0000,0.0000,0.0000,0.0000,0.0000,0.0000
785.00,0.0000,0.0000,0.0000,0.0000,0.0000,0.0000,0.0000,0.0000,0.0000,0.0000
787.50,0.0000,0.0000,0.0000,0.0000,0.0000,0.0000,0.0000,0.0000,0.0000,0.0000
790.00,0.0000,0.0000,0.0000,0.0000,0.0000,0.0000,0.0000,0.0000,0.0000,0.0000
792.50,0.0000,0.0000,0.0000,0.0000,0.0000,0.0000,0.0000,0.0000,0.0000,0.0000
795.00,0.0000,0.0000,0.0000,0.0000,0.0000,0.0000,0.0000,0.0000,0.0000,0.0000
797.50,0.0000,0.0000,0.0000,0.0000,0.0000,0.0000,0.0000,0.0000,0.0000,0.0000
800.00,0.0000,0.0000,0.0000,0.0000,0.0000,0.0000,0.0000,0.0000,0.0000,0.0000
802.50,0.0000,0.0000,0.0000,0.0000,0.0000,0.0000,0.0000,0.0000,0.0000,0.0000
805.00,0.0000,0.0000,0.0000,0.0000,0.0000,0.0000,0.0000,0.0000,0.0000,0.0000
807.50,0.0000,0.0000,0.0000,0.0000,0.0000,0.0000,0.0000,0.0000,0.0000,0.0000
810.00,0.0000,0.0000,0.0000,0.0000,0.0000,0.0000,0.0000,0.0000,0.0000,0.0000
812.50,0.0000,0.0000,0.0000,0.0000,0.0000,0.0000,0.0000,0.0000,0.0000,0.0000
815.00,0.0000,0.0000,0.0000,0.0000,0.0000,0.0000,0.0000,0.0000,0.0000,0.0000
817.50,0.0000,0.0000,0.0000,0.0000,0.0000,0.0000,0.0000,0.0000,0.0000,0.0000
820.00,0.0000,0.0000,0.0000,0.0000,0.0000,0.0000,0.0000,0.0000,0.0000,0.0000
822.50,0.0000,0.0000,0.0000,0.0000,0.0000,0.0000,0.0000,0.0000,0.0000,0.0000
825.00,0.0000,0.0000,0.0000,0.0000,0.0000,0.0000,0.0000,0.0000,0.0000,0.0000
827.50,0.0000,0.0000,0.0000,0.0000,0.0000,0.0000,0.0000,0.0000,0.0000,0.0000
830.00,0.0000,0.0000,0.0273,0.0000,0.0000,0.0000,0.0000,0.0000,0.0000,0.0000
832.50,0.0000,0.0000,0.0357,0.0000,0.0000,0.0000,0.0000,0.0000,0.0000,0.0000
835.00,0.0000,0.0000,0.0560,0.0000,0.0000,0.0000,0.0000,0.0000,0.0000,0.0000
837.50,0.0000,0.0000,0.1265,0.0000,0.0000,0.0000,0.0000,0.0000,0.0000,0.0000
840.00,0.0000,0.0000,0.3269,0.0000,0.0000,0.0000,0.0000,0.0000,0.0000,0.0000
842.50,0.0000,0.0000,0.6239,0.0000,0.0000,0.0000,0.0000,0.0000,0.0000,0.0000
845.00,0.0000,0.0000,0.9777,0.0000,0.0000,0.0000,0.0000,0.0000,0.0000,0.0000
847.50,0.0000,0.0000,1.3481,0.0000,0.0000,0.0000,0.0000,0.0000,0.0000,0.0000
850.00,0.0000,0.0000,1.7037,0.0000,0.0000,0.0000,0.0000,0.0000,0.0000,0.0000
852.50,0.0000,0.0000,2.0081,0.0000,0.0000,0.0000,0.0000,0.0000,0.0000,0.0000
855.00,0.0000,0.0000,2.1885,0.0000,0.0000,0.0000,0.0000,0.0000,0.0000,0.0000
857.50,0.0000,0.0000,2.2765,0.0000,0.0000,0.0000,0.0000,0.0000,0.0000,0.0000
860.00,0.0000,0.0000,2.3178,0.0000,0.0000,0.0000,0.0000,0.0000,0.0000,0.0000
862.50,0.0000,0.0000,2.3474,0.0000,0.0000,0.0000,0.0000,0.0000,0.0000,0.0000
865.00,0.0000,0.0000,2.3777,0.0000,0.0000,0.0000,0.0000,0.0000,0.0000,0.0000
867.50,0.0000,0.0000,2.4053,0.0000,0.0000,0.0000,0.0000,0.0000,0.0000,0.0000
870.00,0.0000,0.0000,2.4286,0.0000,0.0000,0.0000,0.0000,0.0000,0.0000,0.0000
872.50,0.0000,0.0000,2.4487,0.0000,0.0000,0.0000,0.0000,0.0000,0.0000,0.0000
875.00,0.0000,0.0000,2.4604,0.0000,0.0000,0.0000,0.0000,0.0000,0.0000,0.0000
877.50,0.0000,0.0000,2.4324,0.0000,0.0000,0.0000,0.0000,0.0000,0.0000,0.0000
880.00,0.0000,0.0000,2.2594,0.0000,0.0000,0.0000,0.0000,0.0000,0.0000,0.0000
882.50,0.0000,0.0000,1.9695,0.0000,0.0000,0.0000,0.0000,0.0000,0.0000,0.0000
885.00,0.0000,0.0000,1.6105,0.0000,0.0000,0.0000,0.0000,0.0000,0.0000,0.0000
887.50,0.0000,0.0000,1.2200,0.0000,0.0000,0.0000,0.0000,0.0000,0.0000,0.0000
890.00,0.0000,0.0000,0.8289,0.0000,0.0000,0.0000,0.0000,0.0000,0.0000,0.0000
892.50,0.0000,0.0000,0.4724,0.0000,0.0000,0.0000,0.0000,0.0000,0.0000,0.0000
895.00,0.0000,0.0000,0.2484,0.0000,0.0000,0.0000,0.0000,0.0000,0.0000,0.0000
897.50,0.0000,0.0000,0.1443,0.0000,0.0000,0.0000,0.0000,0.0000,0.0000,0.0000
900.00,0.0000,0.0000,0.0998,0.0242,0.0000,0.0000,0.0000,0.0000,0.0000,0.0000
902.50,0.0000,0.0000,0.0726,0.0276,0.0000,0.0000,0.0000,0.0000,0.0000,0.0000
905.00,0.0000,0.0000,0.0546,0.0364,0.0000,0.0000,0.0000,0.0000,0.0000,0.0000
907.50,0.0000,0.0000,0.0421,0.0505,0.0000,0.0000,0.0000,0.0000,0.0000,0.0000
910.00,0.0000,0.0000,0.0333,0.0717,0.0000,0.0000,0.0000,0.0000,0.0000,0.0000
912.50,0.0000,0.0000,0.0270,0.1058,0.0000,0.0000,0.0000,0.0000,0.0000,0.0000
915.00,0.0000,0.0000,0.0000,0.1841,0.0000,0.0000,0.0000,0.0000,0.0000,0.0000
917.50,0.0000,0.0000,0.0000,0.3889,0.0000,0.0000,0.0000,0.0000,0.0000,0.0000
920.00,0.0000,0.0000,0.0000,0.7570,0.0000,0.0000,0.0000,0.0000,0.0000,0.0000
922.50,0.0000,0.0000,0.0000,1.1872,0.0000,0.0000,0.0000,0.0000,0.0000,0.0000
925.00,0.0000,0.0000,0.0000,1.6245,0.0000,0.0000,0.0000,0.0000,0.0000,0.0000
927.50,0.0000,0.0000,0.0000,1.9511,0.0000,0.0000,0.0000,0.0000,0.0000,0.0000
930.00,0.0000,0.0000,0.0000,2.0986,0.0000,0.0000,0.0000,0.0000,0.0000,0.0000
932.50,0.0000,0.0000,0.0000,2.1652,0.0000,0.0000,0.0000,0.0000,0.0000,0.0000
935.00,0.0000,0.0000,0.0000,2.2058,0.0000,0.0000,0.0000,0.0000,0.0000,0.0000
937.50,0.0000,0.0000,0.0000,2.2430,0.0000,0.0000,0.0000,0.0000,0.0000,0.0000
940.00,0.0000,0.0000,0.0000,2.2471,0.0000,0.0000,0.0000,0.0000,0.0000,0.0000
942.50,0.0000,0.0000,0.0000,2.2299,0.0000,0.0000,0.0000,0.0000,0.0000,0.0000
945.00,0.0000,0.0000,0.0000,2.2190,0.0000,0.0000,0.0000,0.0000,0.0000,0.0000
947.50,0.0000,0.0000,0.0000,2.2052,0.0000,0.0000,0.0000,0.0000,0.0000,0.0000
950.00,0.0000,0.0000,0.0000,2.1875,0.0000,0.0000,0.0000,0.0000,0.0000,0.0000
952.50,0.0000,0.0000,0.0000,2.1519,0.0000,0.0000,0.0000,0.0000,0.0000,0.0000
955.00,0.0000,0.0000,0.0000,2.0989,0.0000,0.0000,0.0000,0.0000,0.0000,0.0000
957.50,0.0000,0.0000,0.0000,2.0314,0.0000,0.0000,0.0000,0.0000,0.0000,0.0000
960.00,0.0000,0.0000,0.0000,1.9292,0.0000,0.0000,0.0000,0.0000,0.0000,0.0000
962.50,0.0000,0.0000,0.0000,1.7185,0.0000,0.0000,0.0000,0.0000,0.0000,0.0000
965.00,0.0000,0.0000,0.0000,1.3603,0.0000,0.0000,0.0000,0.0000,0.0000,0.0000
967.50,0.0000,0.0000,0.0000,0.9476,0.0000,0.0000,0.0000,0.0000,0.0000,0.0000
970.00,0.0000,0.0000,0.0000,0.5555,0.0000,0.0000,0.0000,0.0000,0.0000,0.0000
972.50,0.0000,0.0000,0.0000,0.2803,0.0000,0.0000,0.0000,0.0000,0.0000,0.0000
975.00,0.0000,0.0000,0.0000,0.1608,0.0000,0.0000,0.0000,0.0000,0.0000,0.0000
977.50,0.0000,0.0000,0.0000,0.1090,0.0000,0.0000,0.0000,0.0000,0.0000,0.0000
980.00,0.0000,0.0000,0.0000,0.0926,0.0000,0.0000,0.0000,0.0000,0.0000,0.0000
982.50,0.0000,0.0000,0.0000,0.0830,0.0000,0.0000,0.0000,0.0000,0.0000,0.0000
985.00,0.0000,0.0000,0.0000,0.0720,0.0000,0.0000,0.0000,0.0000,0.0000,0.0000
987.50,0.0000,0.0000,0.0000,0.0590,0.0000,0.0000,0.0000,0.0000,0.0000,0.0000
990.00,0.0000,0.0000,0.0000,0.0476,0.0000,0.0000,0.0000,0.0000,0.0000,0.0000
992.50,0.0000,0.0000,0.0000,0.0377,0.0000,0.0000,0.0000,0.0000,0.0000,0.0000
995.00,0.0000,0.0000,0.0000,0.0300,0.0000,0.0000,0.0000,0.0000,0.0000,0.0000
997.50,0.0000,0.0000,0.0000,0.0245,0.0000,0.0000,0.0000,0.0000,0.0000,0.0000
1000.00,0.0000,0.0000,0.0000,0.0000,0.0000,0.0000,0.0000,0.0000,0.0000,0.0000
1002.50,0.0000,0.0000,0.0000,0.0000,0.0000,0.0000,0.0000,0.0000,0.0000,0.0000
1005.00,0.0000,0.0000,0.0000,0.0000,0.0000,0.0000,0.0000,0.0000,0.0000,0.0000
1007.50,0.0000,0.0000,0.0000,0.0000,0.0000,0.0000,0.0000,0.0000,0.0000,0.0000
1010.00,0.0000,0.0000,0.0000,0.0000,0.0000,0.0000,0.0000,0.0000,0.0000,0.0000
1012.50,0.0000,0.0000,0.0000,0.0000,0.0000,0.0000,0.0000,0.0000,0.0000,0.0000
1015.00,0.0000,0.0000,0.0000,0.0000,0.0000,0.0000,0.0000,0.0000,0.0000,0.0000
1017.50,0.0000,0.0000,0.0000,0.0000,0.0000,0.0000,0.0000,0.0000,0.0000,0.0000
1020.00,0.0000,0.0000,0.0000,0.0000,0.0000,0.0000,0.0000,0.0000,0.0000,0.0000
1022.50,0.0000,0.0000,0.0000,0.0000,0.0000,0.0000,0.0000,0.0000,0.0000,0.0000
1025.00,0.0000,0.0000,0.0000,0.0000,0.0000,0.0000,0.0000,0.0000,0.0000,0.0000
1027.50,0.0000,0.0000,0.0000,0.0000,0.0000,0.0000,0.0000,0.0000,0.0000,0.0000
1030.00,0.0000,0.0000,0.0000,0.0000,0.0000,0.0000,0.0000,0.0000,0.0000,0.0000
1032.50,0.0000,0.0000,0.0000,0.0000,0.0000,0.0000,0.0000,0.0000,0.0000,0.0000
1035.00,0.0000,0.0000,0.0000,0.0000,0.0000,0.0000,0.0000,0.0000,0.0000,0.0000
1037.50,0.0000,0.0000,0.0000,0.0000,0.0000,0.0000,0.0000,0.0000,0.0000,0.0000
1040.00,0.0000,0.0000,0.0000,0.0000,0.0000,0.0000,0.0000,0.0000,0.0000,0.0000
1042.50,0.0000,0.0000,0.0000,0.0000,0.0000,0.0000,0.0000,0.0000,0.0000,0.0000
1045.00,0.0000,0.0000,0.0000,0.0000,0.0000,0.0000,0.0000,0.0000,0.0000,0.0000
1047.50,0.0000,0.0000,0.0000,0.0000,0.0000,0.0000,0.0000,0.0000,0.0000,0.0000
1050.00,0.0000,0.0000,0.0000,0.0000,0.0000,0.0000,0.0000,0.0000,0.0000,0.0000
1052.50,0.0000,0.0000,0.0000,0.0000,0.0000,0.0000,0.0000,0.0000,0.0000,0.0000
1055.00,0.0000,0.0000,0.0000,0.0000,0.0000,0.0000,0.0000,0.0000,0.0000,0.0000
1057.50,0.0000,0.0000,0.0000,0.0000,0.0000,0.0000,0.0000,0.0000,0.0000,0.0000
1060.00,0.0000,0.0000,0.0000,0.0000,0.0000,0.0000,0.0000,0.0000,0.0000,0.0000
1062.50,0.0000,0.0000,0.0000,0.0000,0.0000,0.0000,0.0000,0.0000,0.0000,0.0000
1065.00,0.0000,0.0000,0.0000,0.0000,0.0000,0.0000,0.0000,0.0000,0.0000,0.0000
1067.50,0.0000,0.0000,0.0000,0.0000,0.0000,0.0000,0.0000,0.0000,0.0000,0.0000
1070.00,0.0000,0.0000,0.0000,0.0000,0.0000,0.0000,0.0000,0.0000,0.0000,0.0000
1072.50,0.0000,0.0000,0.0000,0.0000,0.0000,0.0000,0.0000,0.0000,0.0000,0.0000
1075.00,0.0000,0.0000,0.0000,0.0000,0.0000,0.0000,0.0000,0.0000,0.0000,0.0000
1077.50,0.0000,0.0000,0.0000,0.0000,0.0000,0.0000,0.0000,0.0000,0.0000,0.0000
1080.00,0.0000,0.0000,0.0000,0.0000,0.0000,0.0000,0.0000,0.0000,0.0000,0.0000
1082.50,0.0000,0.0000,0.0000,0.0000,0.0000,0.0000,0.0000,0.0000,0.0000,0.0000
1085.00,0.0000,0.0000,0.0000,0.0000,0.0000,0.0000,0.0000,0.0000,0.0000,0.0000
1087.50,0.0000,0.0000,0.0000,0.0000,0.0000,0.0000,0.0000,0.0000,0.0000,0.0000
1090.00,0.0000,0.0000,0.0000,0.0000,0.0000,0.0000,0.0000,0.0000,0.0000,0.0000
1092.50,0.0000,0.0000,0.0000,0.0000,0.0000,0.0000,0.0000,0.0000,0.0000,0.0000
1095.00,0.0000,0.0000,0.0000,0.0000,0.0000,0.0000,0.0000,0.0000,0.0000,0.0000
1097.50,0.0000,0.0000,0.0000,0.0000,0.0000,0.0000,0.0000,0.0000,0.0000,0.0000
1100.00,0.0000,0.0000,0.0000,0.0000,0.0000,0.0000,0.0000,0.0000,0.0000,0.0000
1102.50,0.0000,0.0000,0.0000,0.0000,0.0000,0.0000,0.0000,0.0000,0.0000,0.0000
1105.00,0.0000,0.0000,0.0000,0.0000,0.0000,0.0000,0.0000,0.0000,0.0000,0.0000
1107.50,0.0000,0.0000,0.0000,0.0000,0.0000,0.0000,0.0000,0.0000,0.0000,0.0000
1110.00,0.0000,0.0000,0.0000,0.0000,0.0000,0.0000,0.0000,0.0000,0.0000,0.0000
1112.50,0.0000,0.0000,0.0000,0.0000,0.0000,0.0000,0.0000,0.0000,0.0000,0.0000
1115.00,0.0000,0.0000,0.0000,0.0000,0.0000,0.0000,0.0000,0.0000,0.0000,0.0000
1117.50,0.0000,0.0000,0.0000,0.0000,0.0000,0.0000,0.0000,0.0000,0.0000,0.0000
1120.00,0.0000,0.0000,0.0000,0.0000,0.0000,0.0000,0.0000,0.0000,0.0000,0.0000
1122.50,0.0000,0.0000,0.0000,0.0000,0.0000,0.0000,0.0000,0.0000,0.0000,0.0000
1125.00,0.0000,0.0000,0.0000,0.0000,0.0000,0.0000,0.0000,0.0000,0.0000,0.0000
1127.50,0.0000,0.0000,0.0000,0.0000,0.0000,0.0000,0.0000,0.0000,0.0000,0.0000
1130.00,0.0000,0.0000,0.0000,0.0000,0.0000,0.0000,0.0000,0.0000,0.0000,0.0000
1132.50,0.0000,0.0000,0.0000,0.0000,0.0000,0.0000,0.0000,0.0000,0.0000,0.0000
1135.00,0.0000,0.0000,0.0000,0.0000,0.0000,0.0000,0.0000,0.0000,0.0000,0.0000
1137.50,0.0000,0.0000,0.0000,0.0000,0.0000,0.0000,0.0000,0.0000,0.0000,0.0000
1140.00,0.0000,0.0000,0.0000,0.0000,0.0000,0.0000,0.0000,0.0000,0.0000,0.0000
1142.50,0.0000,0.0000,0.0000,0.0000,0.0000,0.0000,0.0000,0.0000,0.0000,0.0000
1145.00,0.0000,0.0000,0.0000,0.0000,0.0000,0.0000,0.0000,0.0000,0.0000,0.0000
1147.50,0.0000,0.0000,0.0000,0.0000,0.0000,0.0000,0.0000,0.0000,0.0000,0.0000
1150.00,0.0000,0.0000,0.0000,0.0000,0.0000,0.0000,0.0000,0.0000,0.0000,0.0000
1152.50,0.0000,0.0000,0.0000,0.0000,0.0000,0.0000,0.0000,0.0000,0.0000,0.0000
1155.00,0.0000,0.0000,0.0000,0.0000,0.0000,0.0000,0.0000,0.0000,0.0000,0.0000
1157.50,0.0000,0.0000,0.0000,0.0000,0.0000,0.0000,0.0000,0.0000,0.0000,0.0000
1160.00,0.0000,0.0000,0.0000,0.0000,0.0000,0.0000,0.0000,0.0000,0.0000,0.0000
1162.50,0.0000,0.0000,0.0000,0.0000,0.0000,0.0000,0.0000,0.0000,0.0000,0.0000
1165.00,0.0000,0.0000,0.0000,0.0000,0.0000,0.0000,0.0000,0.0000,0.0000,0.0000
1167.50,0.0000,0.0000,0.0000,0.0000,0.0000,0.0000,0.0000,0.0000,0.0000,0.0000
1170.00,0.0000,0.0000,0.0000,0.0000,0.0000,0.0000,0.0000,0.0000,0.0000,0.0000
1172.50,0.0000,0.0000,0.0000,0.0000,0.0000,0.0000,0.0000,0.0000,0.0000,0.0000
1175.00,0.0000,0.0000,0.0000,0.0000,0.0000,0.0000,0.0000,0.0000,0.0000,0.0000
1177.50,0.0000,0.0000,0.0000,0.0000,0.0000,0.0000,0.0000,0.0000,0.0000,0.0000
1180.00,0.0000,0.0000,0.0000,0.0000,0.0000,0.0000,0.0000,0.0000,0.0000,0.0000
1182.50,0.0000,0.0000,0.0000,0.0000,0.0000,0.0000,0.0000,0.0000,0.0000,0.0000
1185.00,0.0000,0.0000,0.0000,0.0000,0.0000,0.0000,0.0000,0.0000,0.0000,0.0000
1187.50,0.0000,0.0000,0.0000,0.0000,0.0000,0.0000,0.0000,0.0000,0.0000,0.0000
1190.00,0.0000,0.0000,0.0000,0.0000,0.0000,0.0000,0.0000,0.0000,0.0000,0.0000
1192.50,0.0000,0.0000,0.0000,0.0000,0.0000,0.0000,0.0000,0.0000,0.0000,0.0000
1195.00,0.0000,0.0000,0.0000,0.0000,0.0000,0.0000,0.0000,0.0000,0.0000,0.0000
1197.50,0.0000,0.0000,0.0000,0.0000,0.0000,0.0000,0.0000,0.0000,0.0000,0.0000
1200.00,0.0000,0.0000,0.0000,0.0000,0.0000,0.0000,0.0000,0.0000,0.0000,0.0000
1202.50,0.0000,0.0000,0.0000,0.0000,0.0000,0.0000,0.0000,0.0000,0.0000,0.0000
1205.00,0.0000,0.0000,0.0000,0.0000,0.0000,0.0000,0.0000,0.0000,0.0000,0.0000
1207.50,0.0000,0.0000,0.0000,0.0000,0.0000,0.0000,0.0000,0.0000,0.0000,0.0000
1210.00,0.0000,0.0000,0.0000,0.0000,0.0000,0.0000,0.0000,0.0000,0.0094,0.0000
1212.50,0.0000,0.0000,0.0000,0.0000,0.0000,0.0000,0.0000,0.0000,0.0143,0.0000
1215.00,0.0000,0.0000,0.0000,0.0000,0.0000,0.0000,0.0000,0.0000,0.0248,0.0000
1217.50,0.0000,0.0000,0.0000,0.0000,0.0000,0.0000,0.0000,0.0000,0.0457,0.0000
1220.00,0.0000,0.0000,0.0000,0.0000,0.0000,0.0000,0.0000,0.0000,0.0902,0.0000
1222.50,0.0000,0.0000,0.0000,0.0000,0.0000,0.0000,0.0000,0.0000,0.1928,0.0000
1225.00,0.0000,0.0000,0.0000,0.0000,0.0000,0.0000,0.0000,0.0000,0.4494,0.0000
1227.50,0.0000,0.0000,0.0000,0.0000,0.0000,0.0000,0.0000,0.0000,1.1087,0.0000
1230.00,0.0000,0.0000,0.0000,0.0000,0.0000,0.0000,0.0000,0.0000,2.4282,0.0000
1232.50,0.0000,0.0000,0.0000,0.0000,0.0000,0.0000,0.0000,0.0000,3.6387,0.0000
1235.00,0.0000,0.0000,0.0000,0.0000,0.0000,0.0000,0.0000,0.0000,4.5556,0.0000
1237.50,0.0000,0.0000,0.0000,0.0000,0.0000,0.0000,0.0000,0.0000,4.9434,0.0000
1240.00,0.0000,0.0000,0.0000,0.0000,0.0000,0.0000,0.0000,0.0000,4.9975,0.0000
1242.50,0.0000,0.0000,0.0000,0.0000,0.0000,0.0000,0.0000,0.0000,4.9434,0.0000
1245.00,0.0000,0.0000,0.0000,0.0000,0.0000,0.0000,0.0000,0.0000,4.5556,0.0000
1247.50,0.0000,0.0000,0.0000,0.0000,0.0000,0.0000,0.0000,0.0000,3.6387,0.0000
1250.00,0.0000,0.0000,0.0000,0.0000,0.0000,0.0000,0.0000,0.0000,2.4282,0.0000
1252.50,0.0000,0.0000,0.0000,0.0000,0.0000,0.0000,0.0000,0.0000,1.1087,0.0000
1255.00,0.0000,0.0000,0.0000,0.0000,0.0000,0.0000,0.0000,0.0000,0.4494,0.0000
1257.50,0.0000,0.0000,0.0000,0.0000,0.0000,0.0000,0.0000,0.0000,0.1928,0.0000
1260.00,0.0000,0.0000,0.0000,0.0000,0.0000,0.0000,0.0000,0.0000,0.0902,0.0000
1262.50,0.0000,0.0000,0.0000,0.0000,0.0000,0.0000,0.0000,0.0000,0.0457,0.0000
1265.00,0.0000,0.0000,0.0000,0.0000,0.0000,0.0000,0.0000,0.0000,0.0248,0.0000
1267.50,0.0000,0.0000,0.0000,0.0000,0.0000,0.0000,0.0000,0.0000,0.0143,0.0000
1270.00,0.0000,0.0000,0.0000,0.0000,0.0000,0.0000,0.0000,0.0000,0.0094,0.0000
1272.50,0.0000,0.0000,0.0000,0.0000,0.0000,0.0000,0.0000,0.0000,0.0000,0.0000
1275.00,0.0000,0.0000,0.0000,0.0000,0.0000,0.0000,0.0000,0.0000,0.0000,0.0000
1277.50,0.0000,0.0000,0.0000,0.0000,0.0000,0.0000,0.0000,0.0000,0.0000,0.0000
1280.00,0.0000,0.0000,0.0000,0.0000,0.0000,0.0000,0.0000,0.0000,0.0000,0.0000
1282.50,0.0000,0.0000,0.0000,0.0000,0.0000,0.0000,0.0000,0.0000,0.0000,0.0000
1285.00,0.0000,0.0000,0.0000,0.0000,0.0000,0.0000,0.0000,0.0000,0.0000,0.0000
1287.50,0.0000,0.0000,0.0000,0.0000,0.0000,0.0000,0.0000,0.0000,0.0000,0.0000
1290.00,0.0000,0.0000,0.0000,0.0000,0.0000,0.0000,0.0000,0.0000,0.0000,0.0000
1292.50,0.0000,0.0000,0.0000,0.0000,0.0000,0.0000,0.0000,0.0000,0.0000,0.0000
1295.00,0.0000,0.0000,0.0000,0.0000,0.0000,0.0000,0.0000,0.0000,0.0000,0.0000
1297.50,0.0000,0.0000,0.0000,0.0000,0.0000,0.0000,0.0000,0.0000,0.0000,0.0000
1300.00,0.0000,0.0000,0.0000,0.0000,0.0000,0.0000,0.0000,0.0000,0.0000,0.0000
1302.50,0.0000,0.0000,0.0000,0.0000,0.0000,0.0000,0.0000,0.0000,0.0000,0.0000
1305.00,0.0000,0.0000,0.0000,0.0000,0.0000,0.0000,0.0000,0.0000,0.0000,0.0000
1307.50,0.0000,0.0000,0.0000,0.0000,0.0000,0.0000,0.0000,0.0000,0.0000,0.0000
1310.00,0.0000,0.0000,0.0000,0.0000,0.0000,0.0000,0.0000,0.0000,0.0000,0.0000
1312.50,0.0000,0.0000,0.0000,0.0000,0.0000,0.0000,0.0000,0.0000,0.0000,0.0000
1315.00,0.0000,0.0000,0.0000,0.0000,0.0000,0.0000,0.0000,0.0000,0.0000,0.0000
1317.50,0.0000,0.0000,0.0000,0.0000,0.0000,0.0000,0.0000,0.0000,0.0000,0.0000
1320.00,0.0000,0.0000,0.0000,0.0000,0.0000,0.0000,0.0000,0.0000,0.0000,0.0000
1322.50,0.0000,0.0000,0.0000,0.0000,0.0000,0.0000,0.0000,0.0000,0.0000,0.0000
1325.00,0.0000,0.0000,0.0000,0.0000,0.0000,0.0000,0.0000,0.0000,0.0000,0.0000
1327.50,0.0000,0.0000,0.0000,0.0000,0.0000,0.0000,0.0000,0.0000,0.0000,0.0000
1330.00,0.0000,0.0000,0.0000,0.0000,0.0000,0.0000,0.0000,0.0000,0.0000,0.0000
1332.50,0.0000,0.0000,0.0000,0.0000,0.0000,0.0000,0.0000,0.0000,0.0000,0.0000
1335.00,0.0000,0.0000,0.0000,0.0000,0.0000,0.0000,0.0000,0.0000,0.0000,0.0000
1337.50,0.0000,0.0000,0.0000,0.0000,0.0000,0.0000,0.0000,0.0000,0.0000,0.0000
1340.00,0.0000,0.0000,0.0000,0.0000,0.0000,0.0000,0.0000,0.0000,0.0000,0.0000
1342.50,0.0000,0.0000,0.0000,0.0000,0.0000,0.0000,0.0000,0.0000,0.0000,0.0000
1345.00,0.0000,0.0000,0.0000,0.0000,0.0000,0.0000,0.0000,0.0000,0.0000,0.0000
1347.50,0.0000,0.0000,0.0000,0.0000,0.0000,0.0000,0.0000,0.0000,0.0000,0.0000
1350.00,0.0000,0.0000,0.0000,0.0000,0.0000,0.0000,0.0000,0.0000,0.0000,0.0000
1352.50,0.0000,0.0000,0.0000,0.0000,0.0000,0.0000,0.0000,0.0000,0.0000,0.0000
1355.00,0.0000,0.0000,0.0000,0.0000,0.0000,0.0000,0.0000,0.0000,0.0000,0.0000
1357.50,0.0000,0.0000,0.0000,0.0000,0.0000,0.0000,0.0000,0.0000,0.0000,0.0000
1360.00,0.0000,0.0000,0.0000,0.0000,0.0000,0.0000,0.0000,0.0000,0.0000,0.0000
1362.50,0.0000,0.0000,0.0000,0.0000,0.0000,0.0000,0.0000,0.0000,0.0000,0.0000
1365.00,0.0000,0.0000,0.0000,0.0000,0.0000,0.0000,0.0000,0.0000,0.0000,0.0000
1367.50,0.0000,0.0000,0.0000,0.0000,0.0000,0.0000,0.0000,0.0000,0.0000,0.0000
1370.00,0.0000,0.0000,0.0000,0.0000,0.0000,0.0000,0.0000,0.0000,0.0000,0.0000
1372.50,0.0000,0.0000,0.0000,0.0000,0.0000,0.0000,0.0000,0.0000,0.0000,0.0000
1375.00,0.0000,0.0000,0.0000,0.0000,0.0000,0.0000,0.0000,0.0000,0.0000,0.0000
1377.50,0.0000,0.0000,0.0000,0.0000,0.0000,0.0000,0.0000,0.0000,0.0000,0.0000
1380.00,0.0000,0.0000,0.0000,0.0000,0.0000,0.0000,0.0000,0.0000,0.0000,0.0000
1382.50,0.0000,0.0000,0.0000,0.0000,0.0000,0.0000,0.0000,0.0000,0.0000,0.0000
1385.00,0.0000,0.0000,0.0000,0.0000,0.0000,0.0000,0.0000,0.0000,0.0000,0.0000
1387.50,0.0000,0.0000,0.0000,0.0000,0.0000,0.0000,0.0000,0.0000,0.0000,0.0000
1390.00,0.0000,0.0000,0.0000,0.0000,0.0000,0.0000,0.0000,0.0000,0.0000,0.0000
1392.50,0.0000,0.0000,0.0000,0.0000,0.0000,0.0000,0.0000,0.0000,0.0000,0.0000
1395.00,0.0000,0.0000,0.0000,0.0000,0.0000,0.0000,0.0000,0.0000,0.0000,0.0000
1397.50,0.0000,0.0000,0.0000,0.0000,0.0000,0.0000,0.0000,0.0000,0.0000,0.0000
1400.00,0.0000,0.0000,0.0000,0.0000,0.0000,0.0000,0.0000,0.0000,0.0000,0.0000
1402.50,0.0000,0.0000,0.0000,0.0000,0.0000,0.0000,0.0000,0.0000,0.0000,0.0000
1405.00,0.0000,0.0000,0.0000,0.0000,0.0000,0.0000,0.0000,0.0000,0.0000,0.0000
1407.50,0.0000,0.0000,0.0000,0.0000,0.0000,0.0000,0.0000,0.0000,0.0000,0.0000
1410.00,0.0000,0.0000,0.0000,0.0000,0.0000,0.0000,0.0000,0.0000,0.0000,0.0000
1412.50,0.0000,0.0000,0.0000,0.0000,0.0000,0.0000,0.0000,0.0000,0.0000,0.0000
1415.00,0.0000,0.0000,0.0000,0.0000,0.0000,0.0000,0.0000,0.0000,0.0000,0.0000
1417.50,0.0000,0.0000,0.0000,0.0000,0.0000,0.0000,0.0000,0.0000,0.0000,0.0000
1420.00,0.0000,0.0000,0.0000,0.0000,0.0000,0.0000,0.0000,0.0000,0.0000,0.0000
1422.50,0.0000,0.0000,0.0000,0.0000,0.0000,0.0000,0.0000,0.0000,0.0000,0.0000
1425.00,0.0000,0.0000,0.0000,0.0000,0.0000,0.0000,0.0000,0.0000,0.0000,0.0000
1427.50,0.0000,0.0000,0.0000,0.0000,0.0000,0.0000,0.0000,0.0000,0.0000,0.0000
1430.00,0.0000,0.0000,0.0000,0.0000,0.0000,0.0000,0.0000,0.0000,0.0000,0.0000
1432.50,0.0000,0.0000,0.0000,0.0000,0.0000,0.0000,0.0000,0.0000,0.0000,0.0000
1435.00,0.0000,0.0000,0.0000,0.0000,0.0000,0.0000,0.0000,0.0000,0.0000,0.0000
1437.50,0.0000,0.0000,0.0000,0.0000,0.0000,0.0000,0.0000,0.0000,0.0000,0.0000
1440.00,0.0000,0.0000,0.0000,0.0000,0.0000,0.0000,0.0000,0.0000,0.0000,0.0000
1442.50,0.0000,0.0000,0.0000,0.0000,0.0000,0.0000,0.0000,0.0000,0.0000,0.0000
1445.00,0.0000,0.0000,0.0000,0.0000,0.0000,0.0000,0.0000,0.0000,0.0000,0.0000
1447.50,0.0000,0.0000,0.0000,0.0000,0.0000,0.0000,0.0000,0.0000,0.0000,0.0000
1450.00,0.0000,0.0000,0.0000,0.0000,0.0000,0.0000,0.0000,0.0000,0.0000,0.0000
1452.50,0.0000,0.0000,0.0000,0.0000,0.0000,0.0000,0.0000,0.0000,0.0000,0.0000
1455.00,0.0000,0.0000,0.0000,0.0000,0.0000,0.0000,0.0000,0.0000,0.0000,0.0000
1457.50,0.0000,0.0000,0.0000,0.0000,0.0000,0.0000,0.0000,0.0000,0.0000,0.0000
1460.00,0.0000,0.0000,0.0000,0.0000,0.0000,0.0000,0.0000,0.0000,0.0000,0.0000
1462.50,0.0000,0.0000,0.0000,0.0000,0.0000,0.0000,0.0000,0.0000,0.0000,0.0000
1465.00,0.0000,0.0000,0.0000,0.0000,0.0000,0.0000,0.0000,0.0000,0.0000,0.0000
1467.50,0.0000,0.0000,0.0000,0.0000,0.0000,0.0000,0.0000,0.0000,0.0000,0.0000
1470.00,0.0000,0.0000,0.0000,0.0000,0.0000,0.0000,0.0000,0.0000,0.0000,0.0000
1472.50,0.0000,0.0000,0.0000,0.0000,0.0000,0.0000,0.0000,0.0000,0.0000,0.0000
1475.00,0.0000,0.0000,0.0000,0.0000,0.0000,0.0000,0.0000,0.0000,0.0000,0.0000
1477.50,0.0000,0.0000,0.0000,0.0000,0.0000,0.0000,0.0000,0.0000,0.0000,0.0000
1480.00,0.0000,0.0000,0.0000,0.0000,0.0000,0.0000,0.0000,0.0000,0.0000,0.0000
1482.50,0.0000,0.0000,0.0000,0.0000,0.0000,0.0000,0.0000,0.0000,0.0000,0.0000
1485.00,0.0000,0.0000,0.0000,0.0000,0.0000,0.0000,0.0000,0.0000,0.0000,0.0000
1487.50,0.0000,0.0000,0.0000,0.0000,0.0000,0.0000,0.0000,0.0000,0.0000,0.0000
1490.00,0.0000,0.0000,0.0000,0.0000,0.0000,0.0000,0.0000,0.0000,0.0000,0.0000
1492.50,0.0000,0.0000,0.0000,0.0000,0.0000,0.0000,0.0000,0.0000,0.0000,0.0000
1495.00,0.0000,0.0000,0.0000,0.0000,0.0000,0.0000,0.0000,0.0000,0.0000,0.0000
1497.50,0.0000,0.0000,0.0000,0.0000,0.0000,0.0000,0.0000,0.0000,0.0000,0.0000
1500.00,0.0000,0.0000,0.0000,0.0000,0.0000,0.0000,0.0000,0.0000,0.0000,0.0000
1502.50,0.0000,0.0000,0.0000,0.0000,0.0000,0.0000,0.0000,0.0000,0.0000,0.0000
1505.00,0.0000,0.0000,0.0000,0.0000,0.0000,0.0000,0.0000,0.0000,0.0000,0.0000
1507.50,0.0000,0.0000,0.0000,0.0000,0.0000,0.0000,0.0000,0.0000,0.0000,0.0000
1510.00,0.0000,0.0000,0.0000,0.0000,0.0000,0.0000,0.0000,0.0000,0.0000,0.0000
1512.50,0.0000,0.0000,0.0000,0.0000,0.0000,0.0000,0.0000,0.0000,0.0000,0.0000
1515.00,0.0000,0.0000,0.0000,0.0000,0.0000,0.0000,0.0000,0.0000,0.0000,0.0000
1517.50,0.0000,0.0000,0.0000,0.0000,0.0000,0.0000,0.0000,0.0000,0.0000,0.0000
1520.00,0.0000,0.0000,0.0000,0.0000,0.0000,0.0000,0.0000,0.0000,0.0000,0.0000
1522.50,0.0000,0.0000,0.0000,0.0000,0.0000,0.0000,0.0000,0.0000,0.0000,0.0000
1525.00,0.0000,0.0000,0.0000,0.0000,0.0000,0.0000,0.0000,0.0000,0.0000,0.0000
1527.50,0.0000,0.0000,0.0000,0.0000,0.0000,0.0000,0.0000,0.0000,0.0000,0.0000
1530.00,0.0000,0.0000,0.0000,0.0000,0.0000,0.0000,0.0000,0.0000,0.0000,0.0000
1532.50,0.0000,0.0000,0.0000,0.0000,0.0000,0.0000,0.0000,0.0000,0.0000,0.0000
1535.00,0.0000,0.0000,0.0000,0.0000,0.0000,0.0000,0.0000,0.0000,0.0000,0.0000
1537.50,0.0000,0.0000,0.0000,0.0000,0.0000,0.0000,0.0000,0.0000,0.0000,0.0000
1540.00,0.0000,0.0000,0.0000,0.0000,0.0000,0.0000,0.0000,0.0000,0.0000,0.0000
1542.50,0.0000,0.0000,0.0000,0.0000,0.0000,0.0000,0.0000,0.0000,0.0000,0.0000
1545.00,0.0000,0.0000,0.0000,0.0000,0.0000,0.0000,0.0000,0.0000,0.0000,0.0000
1547.50,0.0000,0.0000,0.0000,0.0000,0.0000,0.0000,0.0000,0.0000,0.0000,0.0000
1550.00,0.0000,0.0000,0.0000,0.0000,0.0000,0.0000,0.0000,0.0000,0.0000,0.0000
1552.50,0.0000,0.0000,0.0000,0.0000,0.0000,0.0000,0.0000,0.0000,0.0000,0.0000
1555.00,0.0000,0.0000,0.0000,0.0000,0.0000,0.0000,0.0000,0.0000,0.0000,0.0000
1557.50,0.0000,0.0000,0.0000,0.0000,0.0000,0.0000,0.0000,0.0000,0.0000,0.0000
1560.00,0.0000,0.0000,0.0000,0.0000,0.0000,0.0000,0.0000,0.0000,0.0000,0.0000
1562.50,0.0000,0.0000,0.0000,0.0000,0.0000,0.0000,0.0000,0.0000,0.0000,0.0000
1565.00,0.0000,0.0000,0.0000,0.0000,0.0000,0.0000,0.0000,0.0000,0.0000,0.0000
1567.50,0.0000,0.0000,0.0000,0.0000,0.0000,0.0000,0.0000,0.0000,0.0000,0.0000
1570.00,0.0000,0.0000,0.0000,0.0000,0.0000,0.0000,0.0000,0.0000,0.0000,0.0000
1572.50,0.0000,0.0000,0.0000,0.0000,0.0000,0.0000,0.0000,0.0000,0.0000,0.0000
1575.00,0.0000,0.0000,0.0000,0.0000,0.0000,0.0000,0.0000,0.0000,0.0000,0.0000
1577.50,0.0000,0.0000,0.0000,0.0000,0.0000,0.0000,0.0000,0.0000,0.0000,0.0000
1580.00,0.0000,0.0000,0.0000,0.0000,0.0000,0.0000,0.0000,0.0000,0.0000,0.0000
1582.50,0.0000,0.0000,0.0000,0.0000,0.0000,0.0000,0.0000,0.0000,0.0000,0.0000
1585.00,0.0000,0.0000,0.0000,0.0000,0.0000,0.0000,0.0000,0.0000,0.0000,0.0000
1587.50,0.0000,0.0000,0.0000,0.0000,0.0000,0.0000,0.0000,0.0000,0.0000,0.0000
1590.00,0.0000,0.0000,0.0000,0.0000,0.0000,0.0000,0.0000,0.0000,0.0000,0.0000
1592.50,0.0000,0.0000,0.0000,0.0000,0.0000,0.0000,0.0000,0.0000,0.0000,0.0000
1595.00,0.0000,0.0000,0.0000,0.0000,0.0000,0.0000,0.0000,0.0000,0.0000,0.0000
1597.50,0.0000,0.0000,0.0000,0.0000,0.0000,0.0000,0.0000,0.0000,0.0000,0.0000
1600.00,0.0000,0.0000,0.0000,0.0000,0.0000,0.0000,0.0000,0.0000,0.0000,0.0000
1602.50,0.0000,0.0000,0.0000,0.0000,0.0000,0.0000,0.0000,0.0000,0.0000,0.0000
1605.00,0.0000,0.0000,0.0000,0.0000,0.0000,0.0000,0.0000,0.0000,0.0000,0.0000
1607.50,0.0000,0.0000,0.0000,0.0000,0.0000,0.0000,0.0000,0.0000,0.0000,0.0215
1610.00,0.0000,0.0000,0.0000,0.0000,0.0000,0.0000,0.0000,0.0000,0.0000,0.0307
1612.50,0.0000,0.0000,0.0000,0.0000,0.0000,0.0000,0.0000,0.0000,0.0000,0.0493
1615.00,0.0000,0.0000,0.0000,0.0000,0.0000,0.0000,0.0000,0.0000,0.0000,0.0827
1617.50,0.0000,0.0000,0.0000,0.0000,0.0000,0.0000,0.0000,0.0000,0.0000,0.1454
1620.00,0.0000,0.0000,0.0000,0.0000,0.0000,0.0000,0.0000,0.0000,0.0000,0.2693
1622.50,0.0000,0.0000,0.0000,0.0000,0.0000,0.0000,0.0000,0.0000,0.0000,0.5240
1625.00,0.0000,0.0000,0.0000,0.0000,0.0000,0.0000,0.0000,0.0000,0.0000,1.0412
1627.50,0.0000,0.0000,0.0000,0.0000,0.0000,0.0000,0.0000,0.0000,0.0000,1.9431
1630.00,0.0000,0.0000,0.0000,0.0000,0.0000,0.0000,0.0000,0.0000,0.0000,2.6724
1632.50,0.0000,0.0000,0.0000,0.0000,0.0000,0.0000,0.0000,0.0000,0.0000,3.3494
1635.00,0.0000,0.0000,0.0000,0.0000,0.0000,0.0000,0.0000,0.0000,0.0000,3.8269
1637.50,0.0000,0.0000,0.0000,0.0000,0.0000,0.0000,0.0000,0.0000,0.0000,4.0296
1640.00,0.0000,0.0000,0.0000,0.0000,0.0000,0.0000,0.0000,0.0000,0.0000,4.0624
1642.50,0.0000,0.0000,0.0000,0.0000,0.0000,0.0000,0.0000,0.0000,0.0000,4.0296
1645.00,0.0000,0.0000,0.0000,0.0000,0.0000,0.0000,0.0000,0.0000,0.0000,3.8269
1647.50,0.0000,0.0000,0.0000,0.0000,0.0000,0.0000,0.0000,0.0000,0.0000,3.3494
1650.00,0.0000,0.0000,0.0000,0.0000,0.0000,0.0000,0.0000,0.0000,0.0000,2.6724
1652.50,0.0000,0.0000,0.0000,0.0000,0.0000,0.0000,0.0000,0.0000,0.0000,1.9097
1655.00,0.0000,0.0000,0.0000,0.0000,0.0000,0.0000,0.0000,0.0000,0.0000,1.0412
1657.50,0.0000,0.0000,0.0000,0.0000,0.0000,0.0000,0.0000,0.0000,0.0000,0.5240
1660.00,0.0000,0.0000,0.0000,0.0000,0.0000,0.0000,0.0000,0.0000,0.0000,0.2693
1662.50,0.0000,0.0000,0.0000,0.0000,0.0000,0.0000,0.0000,0.0000,0.0000,0.1454
1665.00,0.0000,0.0000,0.0000,0.0000,0.0000,0.0000,0.0000,0.0000,0.0000,0.0827
1667.50,0.0000,0.0000,0.0000,0.0000,0.0000,0.0000,0.0000,0.0000,0.0000,0.0493
1670.00,0.0000,0.0000,0.0000,0.0000,0.0000,0.0000,0.0000,0.0000,0.0000,0.0307
1672.50,0.0000,0.0000,0.0000,0.0000,0.0000,0.0000,0.0000,0.0000,0.0000,0.0215
1675.00,0.0000,0.0000,0.0000,0.0000,0.0000,0.0000,0.0000,0.0000,0.0000,0.0000
1677.50,0.0000,0.0000,0.0000,0.0000,0.0000,0.0000,0.0000,0.0000,0.0000,0.0000
1680.00,0.0000,0.0000,0.0000,0.0000,0.0000,0.0000,0.0000,0.0000,0.0000,0.0000
1682.50,0.0000,0.0000,0.0000,0.0000,0.0000,0.0000,0.0000,0.0000,0.0000,0.0000
1685.00,0.0000,0.0000,0.0000,0.0000,0.0000,0.0000,0.0000,0.0000,0.0000,0.0000
1687.50,0.0000,0.0000,0.0000,0.0000,0.0000,0.0000,0.0000,0.0000,0.0000,0.0000
1690.00,0.0000,0.0000,0.0000,0.0000,0.0000,0.0000,0.0000,0.0000,0.0000,0.0000
1692.50,0.0000,0.0000,0.0000,0.0000,0.0000,0.0000,0.0000,0.0000,0.0000,0.0000
1695.00,0.0000,0.0000,0.0000,0.0000,0.0000,0.0000,0.0000,0.0000,0.0000,0.0000
1697.50,0.0000,0.0000,0.0000,0.0000,0.0000,0.0000,0.0000,0.0000,0.0000,0.0000
1700.00,0.0000,0.0000,0.0000,0.0000,0.0000,0.0000,0.0000,0.0000,0.0000,0.0000
1702.50,0.0000,0.0000,0.0000,0.0000,0.0000,0.0000,0.0000,0.0000,0.0000,0.0000
1705.00,0.0000,0.0000,0.0000,0.0000,0.0000,0.0000,0.0000,0.0000,0.0000,0.0000
1707.50,0.0000,0.0000,0.0000,0.0000,0.0000,0.0000,0.0000,0.0000,0.0000,0.0000
1710.00,0.0000,0.0000,0.0000,0.0000,0.0000,0.0000,0.0000,0.0000,0.0000,0.0000
1712.50,0.0000,0.0000,0.0000,0.0000,0.0000,0.0000,0.0000,0.0000,0.0000,0.0000
1715.00,0.0000,0.0000,0.0000,0.0000,0.0000,0.0000,0.0000,0.0000,0.0000,0.0000
1717.50,0.0000,0.0000,0.0000,0.0000,0.0000,0.0000,0.0000,0.0000,0.0000,0.0000
1720.00,0.0000,0.0000,0.0000,0.0000,0.0000,0.0000,0.0000,0.0000,0.0000,0.0000
1722.50,0.0000,0.0000,0.0000,0.0000,0.0000,0.0000,0.0000,0.0000,0.0000,0.0000
1725.00,0.0000,0.0000,0.0000,0.0000,0.0000,0.0000,0.0000,0.0000,0.0000,0.0000
1727.50,0.0000,0.0000,0.0000,0.0000,0.0000,0.0000,0.0000,0.0000,0.0000,0.0000
1730.00,0.0000,0.0000,0.0000,0.0000,0.0000,0.0000,0.0000,0.0000,0.0000,0.0000
1732.50,0.0000,0.0000,0.0000,0.0000,0.0000,0.0000,0.0000,0.0000,0.0000,0.0000
1735.00,0.0000,0.0000,0.0000,0.0000,0.0000,0.0000,0.0000,0.0000,0.0000,0.0000
1737.50,0.0000,0.0000,0.0000,0.0000,0.0000,0.0000,0.0000,0.0000,0.0000,0.0000
1740.00,0.0000,0.0000,0.0000,0.0000,0.0000,0.0000,0.0000,0.0000,0.0000,0.0000
1742.50,0.0000,0.0000,0.0000,0.0000,0.0000,0.0000,0.0000,0.0000,0.0000,0.0000
1745.00,0.0000,0.0000,0.0000,0.0000,0.0000,0.0000,0.0000,0.0000,0.0000,0.0000
1747.50,0.0000,0.0000,0.0000,0.0000,0.0000,0.0000,0.0000,0.0000,0.0000,0.0000
1750.00,0.0000,0.0000,0.0000,0.0000,0.0000,0.0000,0.0000,0.0000,0.0000,0.0000
1752.50,0.0000,0.0000,0.0000,0.0000,0.0000,0.0000,0.0000,0.0000,0.0000,0.0000
1755.00,0.0000,0.0000,0.0000,0.0000,0.0000,0.0000,0.0000,0.0000,0.0000,0.0000
1757.50,0.0000,0.0000,0.0000,0.0000,0.0000,0.0000,0.0000,0.0000,0.0000,0.0000
1760.00,0.0000,0.0000,0.0000,0.0000,0.0000,0.0000,0.0000,0.0000,0.0000,0.0000
1762.50,0.0000,0.0000,0.0000,0.0000,0.0000,0.0000,0.0000,0.0000,0.0000,0.0000
1765.00,0.0000,0.0000,0.0000,0.0000,0.0000,0.0000,0.0000,0.0000,0.0000,0.0000
1767.50,0.0000,0.0000,0.0000,0.0000,0.0000,0.0000,0.0000,0.0000,0.0000,0.0000
1770.00,0.0000,0.0000,0.0000,0.0000,0.0000,0.0000,0.0000,0.0000,0.0000,0.0000
1772.50,0.0000,0.0000,0.0000,0.0000,0.0000,0.0000,0.0000,0.0000,0.0000,0.0000
1775.00,0.0000,0.0000,0.0000,0.0000,0.0000,0.0000,0.0000,0.0000,0.0000,0.0000
1777.50,0.0000,0.0000,0.0000,0.0000,0.0000,0.0000,0.0000,0.0000,0.0000,0.0000
1780.00,0.0000,0.0000,0.0000,0.0000,0.0000,0.0000,0.0000,0.0000,0.0000,0.0000
1782.50,0.0000,0.0000,0.0000,0.0000,0.0000,0.0000,0.0000,0.0000,0.0000,0.0000
1785.00,0.0000,0.0000,0.0000,0.0000,0.0000,0.0000,0.0000,0.0000,0.0000,0.0000
1787.50,0.0000,0.0000,0.0000,0.0000,0.0000,0.0000,0.0000,0.0000,0.0000,0.0000
1790.00,0.0000,0.0000,0.0000,0.0000,0.0000,0.0000,0.0000,0.0000,0.0000,0.0000
1792.50,0.0000,0.0000,0.0000,0.0000,0.0000,0.0000,0.0000,0.0000,0.0000,0.0000
1795.00,0.0000,0.0000,0.0000,0.0000,0.0000,0.0000,0.0000,0.0000,0.0000,0.0000
1797.50,0.0000,0.0000,0.0000,0.0000,0.0000,0.0000,0.0000,0.0000,0.0000,0.0000
1800.00,0.0000,0.0000,0.0000,0.0000,0.0000,0.0000,0.0000,0.0000,0.0000,0.0000
1802.50,0.0000,0.0000,0.0000,0.0000,0.0000,0.0000,0.0000,0.0000,0.0000,0.0000
1805.00,0.0000,0.0000,0.0000,0.0000,0.0000,0.0000,0.0000,0.0000,0.0000,0.0000
1807.50,0.0000,0.0000,0.0000,0.0000,0.0000,0.0000,0.0000,0.0000,0.0000,0.0000
1810.00,0.0000,0.0000,0.0000,0.0000,0.0000,0.0000,0.0000,0.0000,0.0000,0.0000
1812.50,0.0000,0.0000,0.0000,0.0000,0.0000,0.0000,0.0000,0.0000,0.0000,0.0000
1815.00,0.0000,0.0000,0.0000,0.0000,0.0000,0.0000,0.0000,0.0000,0.0000,0.0000
1817.50,0.0000,0.0000,0.0000,0.0000,0.0000,0.0000,0.0000,0.0000,0.0000,0.0000
1820.00,0.0000,0.0000,0.0000,0.0000,0.0232,0.0000,0.0000,0.0000,0.0000,0.0000
1822.50,0.0000,0.0000,0.0000,0.0000,0.0234,0.0000,0.0000,0.0000,0.0000,0.0000
1825.00,0.0000,0.0000,0.0000,0.0000,0.0254,0.0000,0.0000,0.0000,0.0000,0.0000
1827.50,0.0000,0.0000,0.0000,0.0000,0.0259,0.0000,0.0000,0.0000,0.0000,0.0000
1830.00,0.0000,0.0000,0.0000,0.0000,0.0300,0.0000,0.0000,0.0000,0.0000,0.0000
1832.50,0.0000,0.0000,0.0000,0.0000,0.0313,0.0000,0.0000,0.0000,0.0000,0.0000
1835.00,0.0000,0.0000,0.0000,0.0000,0.0325,0.0000,0.0000,0.0000,0.0000,0.0000
1837.50,0.0000,0.0000,0.0000,0.0000,0.0368,0.0000,0.0000,0.0000,0.0000,0.0000
1840.00,0.0000,0.0000,0.0000,0.0000,0.0397,0.0000,0.0000,0.0000,0.0000,0.0000
1842.50,0.0000,0.0000,0.0000,0.0000,0.0432,0.0000,0.0000,0.0000,0.0000,0.0000
1845.00,0.0000,0.0000,0.0000,0.0000,0.0454,0.0000,0.0000,0.0000,0.0000,0.0000
1847.50,0.0000,0.0000,0.0000,0.0000,0.0525,0.0000,0.0000,0.0000,0.0000,0.0000
1850.00,0.0000,0.0000,0.0000,0.0000,0.0624,0.0000,0.0000,0.0000,0.0000,0.0000
1852.50,0.0000,0.0000,0.0000,0.0000,0.0839,0.0000,0.0000,0.0000,0.0000,0.0000
1855.00,0.0000,0.0000,0.0000,0.0000,0.1305,0.0000,0.0000,0.0000,0.0000,0.0000
1857.50,0.0000,0.0000,0.0000,0.0000,0.2066,0.0000,0.0000,0.0000,0.0000,0.0000
1860.00,0.0000,0.0000,0.0000,0.0000,0.3012,0.0000,0.0000,0.0000,0.0000,0.0000
1862.50,0.0000,0.0000,0.0000,0.0000,0.4087,0.0000,0.0000,0.0000,0.0000,0.0000
1865.00,0.0000,0.0000,0.0000,0.0000,0.5292,0.0000,0.0000,0.0000,0.0000,0.0000
1867.50,0.0000,0.0000,0.0000,0.0000,0.6814,0.0000,0.0000,0.0000,0.0000,0.0000
1870.00,0.0000,0.0000,0.0000,0.0000,0.8961,0.0000,0.0000,0.0000,0.0000,0.0000
1872.50,0.0000,0.0000,0.0000,0.0000,1.1607,0.0000,0.0000,0.0000,0.0000,0.0000
1875.00,0.0000,0.0000,0.0000,0.0000,1.4407,0.0000,0.0000,0.0000,0.0000,0.0000
1877.50,0.0000,0.0000,0.0000,0.0000,1.6803,0.0000,0.0000,0.0000,0.0000,0.0000
1880.00,0.0000,0.0000,0.0000,0.0000,1.8543,0.0000,0.0000,0.0000,0.0000,0.0000
1882.50,0.0000,0.0000,0.0000,0.0000,1.9683,0.0000,0.0000,0.0000,0.0000,0.0000
1885.00,0.0000,0.0000,0.0000,0.0000,2.0260,0.0000,0.0000,0.0000,0.0000,0.0000
1887.50,0.0000,0.0000,0.0000,0.0000,2.0562,0.0000,0.0000,0.0000,0.0000,0.0000
1890.00,0.0000,0.0000,0.0000,0.0000,2.0704,0.0000,0.0000,0.0000,0.0000,0.0000
1892.50,0.0000,0.0000,0.0000,0.0000,2.0550,0.0000,0.0000,0.0000,0.0000,0.0000
1895.00,0.0000,0.0000,0.0000,0.0000,2.0031,0.0000,0.0000,0.0000,0.0000,0.0000
1897.50,0.0000,0.0000,0.0000,0.0000,1.9304,0.0000,0.0000,0.0000,0.0000,0.0000
1900.00,0.0000,0.0000,0.0000,0.0000,1.8731,0.0000,0.0000,0.0000,0.0000,0.0000
1902.50,0.0000,0.0000,0.0000,0.0000,1.8325,0.0000,0.0000,0.0000,0.0000,0.0000
1905.00,0.0000,0.0000,0.0000,0.0000,1.7974,0.0000,0.0000,0.0000,0.0000,0.0000
1907.50,0.0000,0.0000,0.0000,0.0000,1.7334,0.0000,0.0000,0.0000,0.0000,0.0000
1910.00,0.0000,0.0000,0.0000,0.0000,1.6188,0.0000,0.0000,0.0000,0.0000,0.0000
1912.50,0.0000,0.0000,0.0000,0.0000,1.4710,0.0000,0.0000,0.0000,0.0000,0.0000
1915.00,0.0000,0.0000,0.0000,0.0000,1.2919,0.0000,0.0000,0.0000,0.0000,0.0000
1917.50,0.0000,0.0000,0.0000,0.0000,1.0871,0.0000,0.0000,0.0000,0.0000,0.0000
1920.00,0.0000,0.0000,0.0000,0.0000,0.8785,0.0000,0.0000,0.0000,0.0000,0.0000
1922.50,0.0000,0.0000,0.0000,0.0000,0.6871,0.0000,0.0000,0.0000,0.0000,0.0000
1925.00,0.0000,0.0000,0.0000,0.0000,0.5194,0.0000,0.0000,0.0000,0.0000,0.0000
1927.50,0.0000,0.0000,0.0000,0.0000,0.3728,0.0000,0.0000,0.0000,0.0000,0.0000
1930.00,0.0000,0.0000,0.0000,0.0000,0.2565,0.0000,0.0000,0.0000,0.0000,0.0000
1932.50,0.0000,0.0000,0.0000,0.0000,0.1667,0.0000,0.0000,0.0000,0.0000,0.0000
1935.00,0.0000,0.0000,0.0000,0.0000,0.1099,0.0000,0.0000,0.0000,0.0000,0.0000
1937.50,0.0000,0.0000,0.0000,0.0000,0.0720,0.0000,0.0000,0.0000,0.0000,0.0000
1940.00,0.0000,0.0000,0.0000,0.0000,0.0536,0.0000,0.0000,0.0000,0.0000,0.0000
1942.50,0.0000,0.0000,0.0000,0.0000,0.0434,0.0000,0.0000,0.0000,0.0000,0.0000
1945.00,0.0000,0.0000,0.0000,0.0000,0.0375,0.0000,0.0000,0.0000,0.0000,0.0000
1947.50,0.0000,0.0000,0.0000,0.0000,0.0355,0.0000,0.0000,0.0000,0.0000,0.0000
1950.00,0.0000,0.0000,0.0000,0.0000,0.0324,0.0000,0.0000,0.0000,0.0000,0.0000
1952.50,0.0000,0.0000,0.0000,0.0000,0.0281,0.0000,0.0000,0.0000,0.0000,0.0000
1955.00,0.0000,0.0000,0.0000,0.0000,0.0251,0.0000,0.0000,0.0000,0.0000,0.0000
1957.50,0.0000,0.0000,0.0000,0.0000,0.0214,0.0000,0.0000,0.0000,0.0000,0.0000
1960.00,0.0000,0.0000,0.0000,0.0000,0.0000,0.0000,0.0000,0.0000,0.0000,0.0000
1962.50,0.0000,0.0000,0.0000,0.0000,0.0000,0.0000,0.0000,0.0000,0.0000,0.0000
1965.00,0.0000,0.0000,0.0000,0.0000,0.0000,0.0000,0.0000,0.0000,0.0000,0.0000
1967.50,0.0000,0.0000,0.0000,0.0000,0.0000,0.0000,0.0000,0.0000,0.0000,0.0000
1970.00,0.0000,0.0000,0.0000,0.0000,0.0000,0.0000,0.0000,0.0000,0.0000,0.0000
1972.50,0.0000,0.0000,0.0000,0.0000,0.0000,0.0000,0.0000,0.0000,0.0000,0.0000
1975.00,0.0000,0.0000,0.0000,0.0000,0.0000,0.0000,0.0000,0.0000,0.0000,0.0000
1977.50,0.0000,0.0000,0.0000,0.0000,0.0000,0.0000,0.0000,0.0000,0.0000,0.0000
1980.00,0.0000,0.0000,0.0000,0.0000,0.0000,0.0000,0.0000,0.0000,0.0000,0.0000
1982.50,0.0000,0.0000,0.0000,0.0000,0.0000,0.0000,0.0000,0.0000,0.0000,0.0000
1985.00,0.0000,0.0000,0.0000,0.0000,0.0000,0.0000,0.0000,0.0000,0.0000,0.0000
1987.50,0.0000,0.0000,0.0000,0.0000,0.0000,0.0000,0.0000,0.0000,0.0000,0.0000
1990.00,0.0000,0.0000,0.0000,0.0000,0.0000,0.0000,0.0000,0.0000,0.0000,0.0000
1992.50,0.0000,0.0000,0.0000,0.0000,0.0000,0.0000,0.0000,0.0000,0.0000,0.0000
1995.00,0.0000,0.0000,0.0000,0.0000,0.0000,0.0000,0.0000,0.0000,0.0000,0.0000
1997.50,0.0000,0.0000,0.0000,0.0000,0.0000,0.0000,0.0000,0.0000,0.0000,0.0000
2000.00,0.0000,0.0000,0.0000,0.0000,0.0000,0.0000,0.0000,0.0000,0.0000,0.0000
2002.50,0.0000,0.0000,0.0000,0.0000,0.0000,0.0000,0.0000,0.0000,0.0000,0.0000
2005.00,0.0000,0.0000,0.0000,0.0000,0.0000,0.0000,0.0000,0.0000,0.0000,0.0000
2007.50,0.0000,0.0000,0.0000,0.0000,0.0000,0.0000,0.0000,0.0000,0.0000,0.0000
2010.00,0.0000,0.0000,0.0000,0.0000,0.0000,0.0000,0.0000,0.0000,0.0000,0.0000
2012.50,0.0000,0.0000,0.0000,0.0000,0.0000,0.0000,0.0000,0.0000,0.0000,0.0000
2015.00,0.0000,0.0000,0.0000,0.0000,0.0000,0.0000,0.0000,0.0000,0.0000,0.0000
2017.50,0.0000,0.0000,0.0000,0.0000,0.0000,0.0000,0.0000,0.0000,0.0000,0.0000
2020.00,0.0000,0.0000,0.0000,0.0000,0.0000,0.0000,0.0000,0.0000,0.0000,0.0000
2022.50,0.0000,0.0000,0.0000,0.0000,0.0000,0.0000,0.0000,0.0000,0.0000,0.0000
2025.00,0.0000,0.0000,0.0000,0.0000,0.0000,0.0000,0.0000,0.0000,0.0000,0.0000
2027.50,0.0000,0.0000,0.0000,0.0000,0.0000,0.0000,0.0000,0.0000,0.0000,0.0000
2030.00,0.0000,0.0000,0.0000,0.0000,0.0000,0.0000,0.0000,0.0000,0.0000,0.0000
2032.50,0.0000,0.0000,0.0000,0.0000,0.0000,0.0000,0.0000,0.0000,0.0000,0.0000
2035.00,0.0000,0.0000,0.0000,0.0000,0.0000,0.0000,0.0000,0.0000,0.0000,0.0000
2037.50,0.0000,0.0000,0.0000,0.0000,0.0000,0.0000,0.0000,0.0000,0.0000,0.0000
2040.00,0.0000,0.0000,0.0000,0.0000,0.0000,0.0000,0.0000,0.0000,0.0000,0.0000
2042.50,0.0000,0.0000,0.0000,0.0000,0.0000,0.0000,0.0000,0.0000,0.0000,0.0000
2045.00,0.0000,0.0000,0.0000,0.0000,0.0000,0.0000,0.0000,0.0000,0.0000,0.0000
2047.50,0.0000,0.0000,0.0000,0.0000,0.0000,0.0000,0.0000,0.0000,0.0000,0.0000
2050.00,0.0000,0.0000,0.0000,0.0000,0.0000,0.0000,0.0000,0.0000,0.0000,0.0000
2052.50,0.0000,0.0000,0.0000,0.0000,0.0000,0.0000,0.0000,0.0000,0.0000,0.0000
2055.00,0.0000,0.0000,0.0000,0.0000,0.0000,0.0000,0.0000,0.0000,0.0000,0.0000
2057.50,0.0000,0.0000,0.0000,0.0000,0.0000,0.0000,0.0000,0.0000,0.0000,0.0000
2060.00,0.0000,0.0000,0.0000,0.0000,0.0000,0.0000,0.0000,0.0000,0.0000,0.0000
2062.50,0.0000,0.0000,0.0000,0.0000,0.0000,0.0000,0.0000,0.0000,0.0000,0.0000
2065.00,0.0000,0.0000,0.0000,0.0000,0.0000,0.0000,0.0000,0.0000,0.0000,0.0000
2067.50,0.0000,0.0000,0.0000,0.0000,0.0000,0.0000,0.0000,0.0000,0.0000,0.0000
2070.00,0.0000,0.0000,0.0000,0.0000,0.0000,0.0000,0.0000,0.0000,0.0000,0.0000
2072.50,0.0000,0.0000,0.0000,0.0000,0.0000,0.0000,0.0000,0.0000,0.0000,0.0000
2075.00,0.0000,0.0000,0.0000,0.0000,0.0000,0.0000,0.0000,0.0000,0.0000,0.0000
2077.50,0.0000,0.0000,0.0000,0.0000,0.0000,0.0000,0.0000,0.0000,0.0000,0.0000
2080.00,0.0000,0.0000,0.0000,0.0000,0.0000,0.0000,0.0000,0.0000,0.0000,0.0000
2082.50,0.0000,0.0000,0.0000,0.0000,0.0000,0.0000,0.0000,0.0000,0.0000,0.0000
2085.00,0.0000,0.0000,0.0000,0.0000,0.0000,0.0000,0.0000,0.0000,0.0000,0.0000
2087.50,0.0000,0.0000,0.0000,0.0000,0.0000,0.0000,0.0000,0.0000,0.0000,0.0000
2090.00,0.0000,0.0000,0.0000,0.0000,0.0000,0.0000,0.0000,0.0000,0.0000,0.0000
2092.50,0.0000,0.0000,0.0000,0.0000,0.0000,0.0000,0.0000,0.0000,0.0000,0.0000
2095.00,0.0000,0.0000,0.0000,0.0000,0.0000,0.0229,0.0000,0.0000,0.0000,0.0000
2097.50,0.0000,0.0000,0.0000,0.0000,0.0000,0.0271,0.0000,0.0000,0.0000,0.0000
2100.00,0.0000,0.0000,0.0000,0.0000,0.0000,0.0404,0.0000,0.0000,0.0000,0.0000
2102.50,0.0000,0.0000,0.0000,0.0000,0.0000,0.0690,0.0000,0.0000,0.0000,0.0000
2105.00,0.0000,0.0000,0.0000,0.0000,0.0000,0.1237,0.0000,0.0000,0.0000,0.0000
2107.50,0.0000,0.0000,0.0000,0.0000,0.0000,0.2051,0.0000,0.0000,0.0000,0.0000
2110.00,0.0000,0.0000,0.0000,0.0000,0.0000,0.3206,0.0000,0.0000,0.0000,0.0000
2112.50,0.0000,0.0000,0.0000,0.0000,0.0000,0.4619,0.0000,0.0000,0.0000,0.0000
2115.00,0.0000,0.0000,0.0000,0.0000,0.0000,0.6269,0.0000,0.0000,0.0000,0.0000
2117.50,0.0000,0.0000,0.0000,0.0000,0.0000,0.8073,0.0000,0.0000,0.0000,0.0000
2120.00,0.0000,0.0000,0.0000,0.0000,0.0000,1.0025,0.0000,0.0000,0.0000,0.0000
2122.50,0.0000,0.0000,0.0000,0.0000,0.0000,1.2045,0.0000,0.0000,0.0000,0.0000
2125.00,0.0000,0.0000,0.0000,0.0000,0.0000,1.4075,0.0000,0.0000,0.0000,0.0000
2127.50,0.0000,0.0000,0.0000,0.0000,0.0000,1.5980,0.0000,0.0000,0.0000,0.0000
2130.00,0.0000,0.0000,0.0000,0.0000,0.0000,1.7690,0.0000,0.0000,0.0000,0.0000
2132.50,0.0000,0.0000,0.0000,0.0000,0.0000,1.9111,0.0000,0.0000,0.0000,0.0000
2135.00,0.0000,0.0000,0.0000,0.0000,0.0000,2.0102,0.0000,0.0000,0.0000,0.0000
2137.50,0.0000,0.0000,0.0000,0.0000,0.0000,2.0697,0.0000,0.0000,0.0000,0.0000
2140.00,0.0000,0.0000,0.0000,0.0000,0.0000,2.0965,0.0000,0.0000,0.0000,0.0000
2142.50,0.0000,0.0000,0.0000,0.0000,0.0000,2.1009,0.0000,0.0000,0.0000,0.0000
2145.00,0.0000,0.0000,0.0000,0.0000,0.0000,2.0903,0.0000,0.0000,0.0000,0.0000
2147.50,0.0000,0.0000,0.0000,0.0000,0.0000,2.0685,0.0000,0.0000,0.0000,0.0000
2150.00,0.0000,0.0000,0.0000,0.0000,0.0000,2.0262,0.0000,0.0000,0.0000,0.0000
2152.50,0.0000,0.0000,0.0000,0.0000,0.0000,1.9608,0.0000,0.0000,0.0000,0.0000
2155.00,0.0000,0.0000,0.0000,0.0000,0.0000,1.8675,0.0000,0.0000,0.0000,0.0000
2157.50,0.0000,0.0000,0.0000,0.0000,0.0000,1.7447,0.0000,0.0000,0.0000,0.0000
2160.00,0.0000,0.0000,0.0000,0.0000,0.0000,1.5974,0.0000,0.0000,0.0000,0.0000
2162.50,0.0000,0.0000,0.0000,0.0000,0.0000,1.4411,0.0000,0.0000,0.0000,0.0000
2165.00,0.0000,0.0000,0.0000,0.0000,0.0000,1.2742,0.0000,0.0000,0.0000,0.0000
2167.50,0.0000,0.0000,0.0000,0.0000,0.0000,1.0954,0.0000,0.0000,0.0000,0.0000
2170.00,0.0000,0.0000,0.0000,0.0000,0.0000,0.9031,0.0000,0.0000,0.0000,0.0000
2172.50,0.0000,0.0000,0.0000,0.0000,0.0000,0.7062,0.0000,0.0000,0.0000,0.0000
2175.00,0.0000,0.0000,0.0000,0.0000,0.0000,0.5164,0.0000,0.0000,0.0000,0.0000
2177.50,0.0000,0.0000,0.0000,0.0000,0.0000,0.3475,0.0000,0.0000,0.0000,0.0000
2180.00,0.0000,0.0000,0.0000,0.0000,0.0000,0.2148,0.0000,0.0000,0.0000,0.0000
2182.50,0.0000,0.0000,0.0000,0.0000,0.0000,0.1205,0.0000,0.0000,0.0000,0.0000
2185.00,0.0000,0.0000,0.0000,0.0000,0.0000,0.0665,0.0000,0.0000,0.0000,0.0000
2187.50,0.0000,0.0000,0.0000,0.0000,0.0000,0.0376,0.0000,0.0000,0.0000,0.0000
2190.00,0.0000,0.0000,0.0000,0.0000,0.0000,0.0254,0.0000,0.0000,0.0000,0.0000
2192.50,0.0000,0.0000,0.0000,0.0000,0.0000,0.0211,0.0000,0.0000,0.0000,0.0000